Subject,Measurement_Number,Measurement_Number_Subject,HR_Fingertip_Pulse_Oximeter,HR_PPGI_Kalman
1,1,1,81,77
1,2,2,80,76
1,3,3,80,82
1,4,4,81,81
1,5,5,82,80
1,6,6,82,79
1,7,7,82,79
1,8,8,82,79
1,9,9,82,80
1,10,10,82,81
1,11,11,82,81
1,12,12,81,81
1,13,13,81,81
1,14,14,81,80
1,15,15,81,80
1,16,16,81,79
1,17,17,80,79
1,18,18,80,80
1,19,19,80,80
1,20,20,81,80
1,21,21,81,81
1,22,22,82,80
1,23,23,82,79
1,24,24,82,80
1,25,25,82,81
1,26,26,82,83
1,27,27,82,84
1,28,28,83,83
1,29,29,84,84
1,30,30,84,87
1,31,31,84,86
1,32,32,84,86
1,33,33,83,85
1,34,34,83,85
1,35,35,83,86
1,36,36,83,85
1,37,37,84,85
1,38,38,84,85
1,39,39,83,84
1,40,40,83,83
1,41,41,83,83
1,42,42,83,80
1,43,43,83,80
1,44,44,84,81
1,45,45,85,82
1,46,46,85,81
1,47,47,85,82
1,48,48,85,80
1,49,49,85,82
1,50,50,84,82
1,51,51,84,82
1,52,52,84,83
1,53,53,84,83
1,54,54,84,84
1,55,55,84,81
1,56,56,84,82
1,57,57,84,80
1,58,58,84,78
1,59,59,83,78
1,60,60,83,79
1,61,61,83,82
1,62,62,83,82
1,63,63,83,81
1,64,64,84,81
1,65,65,84,82
1,66,66,84,82
1,67,67,84,84
1,68,68,84,82
1,69,69,84,81
1,70,70,85,81
1,71,71,85,83
1,72,72,85,84
1,73,73,85,84
1,74,74,85,83
1,75,75,85,83
1,76,76,85,83
1,77,77,85,83
1,78,78,84,83
1,79,79,84,82
1,80,80,85,83
1,81,81,85,82
1,82,82,85,82
1,83,83,85,83
1,84,84,84,80
1,85,85,84,82
1,86,86,83,83
1,87,87,83,84
1,88,88,83,83
1,89,89,84,83
1,90,90,84,84
1,91,91,83,84
1,92,92,83,84
1,93,93,83,84
1,94,94,84,81
1,95,95,84,83
1,96,96,85,83
1,97,97,85,84
2,98,1,64,63
2,99,2,65,68
2,100,3,65,69
2,101,4,65,68
2,102,5,66,67
2,103,6,66,68
2,104,7,65,67
2,105,8,65,67
2,106,9,65,67
2,107,10,65,68
2,108,11,65,68
2,109,12,65,70
2,110,13,65,68
2,111,14,65,69
2,112,15,64,68
2,113,16,64,67
2,114,17,64,66
2,115,18,63,66
2,116,19,63,65
2,117,20,63,65
2,118,21,62,65
2,119,22,62,64
2,120,23,63,64
2,121,24,63,64
2,122,25,63,64
2,123,26,63,65
2,124,27,63,66
2,125,28,62,67
2,126,29,62,66
2,127,30,62,65
2,128,31,62,64
2,129,32,63,64
2,130,33,63,64
2,131,34,63,66
2,132,35,64,68
2,133,36,64,68
2,134,37,64,67
2,135,38,64,67
2,136,39,65,67
2,137,40,65,67
2,138,41,65,69
2,139,42,66,70
2,140,43,66,69
2,141,44,66,70
2,142,45,66,71
2,143,46,66,70
2,144,47,66,68
2,145,48,66,68
2,146,49,66,69
2,147,50,66,70
2,148,51,66,71
2,149,52,66,68
2,150,53,66,67
2,151,54,65,67
2,152,55,65,67
2,153,56,65,66
2,154,57,65,66
2,155,58,65,67
2,156,59,65,68
2,157,60,65,68
2,158,61,65,67
2,159,62,64,68
2,160,63,64,66
2,161,64,64,66
2,162,65,64,67
2,163,66,64,67
2,164,67,64,66
2,165,68,65,65
2,166,69,65,65
2,167,70,65,65
2,168,71,65,64
2,169,72,65,66
2,170,73,65,68
2,171,74,65,68
2,172,75,65,67
2,173,76,65,68
2,174,77,65,67
2,175,78,65,67
2,176,79,65,68
2,177,80,65,66
2,178,81,65,66
2,179,82,65,66
2,180,83,65,66
2,181,84,64,64
2,182,85,64,63
2,183,86,64,62
2,184,87,64,63
2,185,88,64,63
2,186,89,64,62
2,187,90,65,63
2,188,91,65,64
2,189,92,65,65
2,190,93,65,65
2,191,94,65,65
2,192,95,65,66
2,193,96,64,66
2,194,97,64,67
2,195,98,64,68
2,196,99,64,67
2,197,100,64,66
2,198,101,64,66
2,199,102,64,65
2,200,103,64,66
2,201,104,64,65
2,202,105,63,65
2,203,106,63,65
2,204,107,63,64
2,205,108,63,64
2,206,109,63,65
2,207,110,64,68
2,208,111,65,69
2,209,112,65,69
2,210,113,66,68
2,211,114,66,68
2,212,115,66,68
2,213,116,67,69
2,214,117,68,70
2,215,118,69,71
2,216,119,69,72
2,217,120,70,75
2,218,121,70,76
2,219,122,71,75
2,220,123,71,74
3,221,1,87,85
3,222,2,87,85
3,223,3,87,86
3,224,4,87,87
3,225,5,87,87
3,226,6,88,87
3,227,7,88,87
3,228,8,88,85
3,229,9,88,86
3,230,10,88,86
3,231,11,88,85
3,232,12,88,82
3,233,13,88,84
3,234,14,88,85
3,235,15,88,84
3,236,16,88,81
3,237,17,88,85
3,238,18,88,86
3,239,19,87,86
3,240,20,87,86
3,241,21,87,87
3,242,22,87,87
3,243,23,86,87
3,244,24,86,86
3,245,25,86,87
3,246,26,86,88
3,247,27,85,86
3,248,28,85,87
3,249,29,85,86
3,250,30,85,84
3,251,31,85,84
3,252,32,85,85
3,253,33,86,85
3,254,34,86,85
3,255,35,86,85
3,256,36,86,85
3,257,37,86,85
3,258,38,86,85
3,259,39,87,85
3,260,40,87,85
3,261,41,87,82
3,262,42,87,84
3,263,43,87,84
3,264,44,87,85
3,265,45,87,85
3,266,46,87,84
3,267,47,87,85
3,268,48,87,85
3,269,49,88,85
3,270,50,88,86
3,271,51,88,86
3,272,52,88,87
3,273,53,88,87
3,274,54,88,86
3,275,55,88,86
3,276,56,88,87
3,277,57,88,87
3,278,58,89,87
3,279,59,89,87
3,280,60,89,86
3,281,61,90,88
3,282,62,90,89
3,283,63,90,89
3,284,64,90,88
3,285,65,90,88
3,286,66,90,88
3,287,67,89,86
3,288,68,89,87
3,289,69,89,88
3,290,70,89,88
3,291,71,88,88
3,292,72,88,88
3,293,73,88,88
3,294,74,88,88
3,295,75,88,86
3,296,76,88,85
3,297,77,88,86
3,298,78,89,86
3,299,79,89,85
3,300,80,89,86
3,301,81,88,86
3,302,82,88,86
3,303,83,88,85
3,304,84,88,86
3,305,85,87,86
3,306,86,87,85
3,307,87,87,84
3,308,88,88,85
3,309,89,88,85
3,310,90,88,86
3,311,91,88,86
3,312,92,88,87
3,313,93,88,87
3,314,94,88,87
3,315,95,88,88
3,316,96,89,88
3,317,97,89,89
3,318,98,89,90
3,319,99,90,91
3,320,100,90,91
3,321,101,90,92
3,322,102,90,91
3,323,103,90,89
3,324,104,90,87
3,325,105,90,86
3,326,106,90,87
3,327,107,90,88
3,328,108,90,89
3,329,109,90,90
3,330,110,90,91
3,331,111,89,94
3,332,112,89,92
3,333,113,89,90
3,334,114,89,90
3,335,115,89,88
3,336,116,89,88
3,337,117,89,88
3,338,118,89,88
3,339,119,89,88
3,340,120,89,89
3,341,121,89,89
3,342,122,89,89
3,343,123,89,89
3,344,124,89,89
3,345,125,89,88
3,346,126,89,88
3,347,127,89,88
3,348,128,89,89
3,349,129,89,89
3,350,130,89,89
3,351,131,89,89
3,352,132,89,89
3,353,133,90,89
3,354,134,90,89
3,355,135,90,89
3,356,136,90,90
3,357,137,90,90
3,358,138,90,90
3,359,139,90,90
3,360,140,90,88
3,361,141,90,87
3,362,142,90,87
3,363,143,90,87
3,364,144,90,87
3,365,145,90,88
3,366,146,90,88
3,367,147,90,88
3,368,148,90,88
3,369,149,90,88
3,370,150,91,89
3,371,151,91,89
3,372,152,91,90
3,373,153,91,90
3,374,154,90,90
3,375,155,90,89
3,376,156,90,89
3,377,157,90,90
3,378,158,90,90
3,379,159,90,90
3,380,160,90,90
3,381,161,91,91
3,382,162,91,91
3,383,163,91,91
3,384,164,91,91
3,385,165,91,91
3,386,166,91,92
3,387,167,92,92
3,388,168,92,93
3,389,169,92,93
3,390,170,92,92
3,391,171,93,92
3,392,172,93,92
3,393,173,93,93
3,394,174,93,92
3,395,175,93,92
3,396,176,93,91
3,397,177,93,91
3,398,178,93,90
3,399,179,93,91
3,400,180,93,91
4,401,1,77,70
4,402,2,75,71
4,403,3,75,73
4,404,4,74,73
4,405,5,74,74
4,406,6,75,76
4,407,7,76,77
4,408,8,76,76
4,409,9,77,75
4,410,10,77,75
4,411,11,77,76
4,412,12,77,75
4,413,13,77,75
4,414,14,77,75
4,415,15,76,76
4,416,16,76,76
4,417,17,76,77
4,418,18,76,78
4,419,19,76,77
4,420,20,75,75
4,421,21,75,73
4,422,22,75,73
4,423,23,75,74
4,424,24,75,76
4,425,25,75,77
4,426,26,75,74
4,427,27,75,72
4,428,28,75,72
4,429,29,75,72
4,430,30,75,72
4,431,31,75,73
4,432,32,75,74
4,433,33,75,74
4,434,34,74,74
4,435,35,74,75
4,436,36,74,76
4,437,37,74,77
4,438,38,74,78
4,439,39,73,79
4,440,40,73,80
4,441,41,74,78
4,442,42,74,75
4,443,43,74,76
4,444,44,74,75
4,445,45,74,74
4,446,46,74,73
4,447,47,75,73
4,448,48,75,73
4,449,49,75,74
4,450,50,75,75
4,451,51,76,76
4,452,52,76,78
4,453,53,77,76
4,454,54,78,76
4,455,55,78,75
4,456,56,78,75
4,457,57,78,75
4,458,58,78,75
4,459,59,78,75
4,460,60,77,75
4,461,61,77,75
4,462,62,77,74
4,463,63,76,73
4,464,64,76,73
4,465,65,75,73
4,466,66,75,74
4,467,67,74,75
4,468,68,74,75
4,469,69,74,75
4,470,70,74,75
4,471,71,75,75
4,472,72,75,75
4,473,73,75,77
4,474,74,76,78
4,475,75,76,78
4,476,76,77,82
4,477,77,77,80
4,478,78,77,79
4,479,79,77,79
4,480,80,77,79
4,481,81,76,78
4,482,82,76,80
4,483,83,76,79
4,484,84,76,78
4,485,85,76,78
4,486,86,76,77
4,487,87,76,77
4,488,88,76,77
4,489,89,76,77
4,490,90,76,75
4,491,91,75,75
4,492,92,75,74
4,493,93,74,73
4,494,94,74,74
4,495,95,73,72
4,496,96,73,70
4,497,97,72,70
4,498,98,72,70
4,499,99,72,71
4,500,100,71,71
4,501,101,71,72
4,502,102,71,73
4,503,103,71,72
4,504,104,71,73
4,505,105,71,74
4,506,106,71,73
4,507,107,71,73
4,508,108,72,73
4,509,109,72,73
4,510,110,73,74
4,511,111,73,73
4,512,112,73,72
4,513,113,73,70
4,514,114,73,68
4,515,115,74,69
4,516,116,74,73
4,517,117,74,74
4,518,118,74,73
4,519,119,74,73
4,520,120,74,73
4,521,121,74,76
4,522,122,74,79
4,523,123,74,80
4,524,124,74,78
4,525,125,74,76
4,526,126,75,76
4,527,127,75,76
4,528,128,75,75
5,529,1,75,73
5,530,2,76,75
5,531,3,76,78
5,532,4,75,77
5,533,5,75,72
5,534,6,75,70
5,535,7,75,73
5,536,8,75,73
5,537,9,75,74
5,538,10,75,75
5,539,11,75,74
5,540,12,75,77
5,541,13,75,79
5,542,14,75,77
5,543,15,75,76
5,544,16,75,74
5,545,17,75,74
5,546,18,75,75
5,547,19,75,74
5,548,20,75,75
5,549,21,75,74
5,550,22,76,73
5,551,23,76,73
5,552,24,76,74
5,553,25,76,77
5,554,26,76,73
5,555,27,76,76
5,556,28,76,81
5,557,29,76,75
5,558,30,76,81
5,559,31,76,76
5,560,32,76,77
5,561,33,76,76
5,562,34,76,74
5,563,35,76,77
5,564,36,76,81
5,565,37,76,78
5,566,38,76,74
5,567,39,77,77
5,568,40,77,77
5,569,41,77,80
5,570,42,77,76
5,571,43,77,78
5,572,44,77,76
5,573,45,77,77
5,574,46,77,76
5,575,47,77,75
5,576,48,77,76
5,577,49,77,76
5,578,50,77,73
5,579,51,78,73
5,580,52,78,74
5,581,53,78,75
5,582,54,78,78
5,583,55,78,78
5,584,56,78,76
5,585,57,78,74
5,586,58,78,75
5,587,59,78,76
5,588,60,78,76
5,589,61,78,77
5,590,62,77,74
5,591,63,77,73
5,592,64,77,77
5,593,65,77,74
5,594,66,77,72
5,595,67,76,76
5,596,68,76,76
5,597,69,76,73
5,598,70,76,74
5,599,71,76,73
5,600,72,76,74
5,601,73,76,73
5,602,74,76,73
5,603,75,75,71
5,604,76,75,70
5,605,77,75,72
5,606,78,75,73
5,607,79,75,74
5,608,80,75,75
5,609,81,75,75
5,610,82,74,75
5,611,83,74,75
5,612,84,74,74
5,613,85,74,72
5,614,86,74,72
5,615,87,74,73
5,616,88,74,73
5,617,89,75,75
5,618,90,75,74
5,619,91,75,75
5,620,92,75,78
5,621,93,75,77
5,622,94,75,79
5,623,95,75,80
5,624,96,76,78
5,625,97,76,77
5,626,98,76,76
5,627,99,76,75
5,628,100,76,74
5,629,101,76,74
5,630,102,76,76
5,631,103,76,74
5,632,104,76,75
5,633,105,76,77
5,634,106,76,78
5,635,107,76,79
5,636,108,76,74
5,637,109,76,75
5,638,110,76,72
5,639,111,76,76
5,640,112,76,76
5,641,113,76,74
5,642,114,76,75
5,643,115,76,78
5,644,116,75,75
5,645,117,76,72
5,646,118,76,74
5,647,119,76,75
5,648,120,76,75
5,649,121,76,76
5,650,122,76,77
5,651,123,77,75
5,652,124,77,72
5,653,125,77,75
5,654,126,77,75
5,655,127,77,77
5,656,128,77,77
5,657,129,77,77
5,658,130,77,78
5,659,131,77,77
5,660,132,77,76
5,661,133,77,76
5,662,134,77,74
5,663,135,77,74
5,664,136,77,74
5,665,137,77,78
5,666,138,77,79
5,667,139,77,74
5,668,140,77,75
6,669,1,68,65
6,670,2,68,68
6,671,3,68,69
6,672,4,68,70
6,673,5,68,70
6,674,6,68,69
6,675,7,68,69
6,676,8,68,70
6,677,9,68,70
6,678,10,69,69
6,679,11,69,69
6,680,12,69,68
6,681,13,69,69
6,682,14,69,70
6,683,15,69,70
6,684,16,70,71
6,685,17,70,73
6,686,18,70,74
6,687,19,70,75
6,688,20,71,73
6,689,21,71,71
6,690,22,72,71
6,691,23,72,75
6,692,24,72,76
6,693,25,71,76
6,694,26,71,73
6,695,27,71,69
6,696,28,71,67
6,697,29,72,71
6,698,30,72,73
6,699,31,71,73
6,700,32,71,72
6,701,33,71,72
6,702,34,71,69
6,703,35,71,69
6,704,36,71,69
6,705,37,71,70
6,706,38,71,72
6,707,39,72,73
6,708,40,72,72
6,709,41,72,72
6,710,42,72,74
6,711,43,72,75
6,712,44,72,72
6,713,45,72,68
6,714,46,72,70
6,715,47,72,68
6,716,48,72,68
6,717,49,72,68
6,718,50,71,69
6,719,51,71,71
6,720,52,71,71
6,721,53,71,70
6,722,54,71,70
6,723,55,71,70
6,724,56,70,70
6,725,57,70,69
6,726,58,70,69
6,727,59,70,69
6,728,60,70,68
6,729,61,70,68
6,730,62,70,68
6,731,63,69,69
6,732,64,69,69
6,733,65,70,70
6,734,66,70,70
6,735,67,70,70
6,736,68,70,70
6,737,69,70,70
6,738,70,70,69
6,739,71,70,69
6,740,72,70,68
6,741,73,70,68
6,742,74,70,70
6,743,75,70,70
6,744,76,70,71
6,745,77,70,72
6,746,78,70,73
6,747,79,70,72
6,748,80,70,71
6,749,81,70,72
6,750,82,70,74
6,751,83,70,74
6,752,84,70,73
6,753,85,70,72
6,754,86,70,72
6,755,87,70,71
6,756,88,70,69
6,757,89,70,69
6,758,90,70,70
6,759,91,70,70
6,760,92,70,70
6,761,93,71,69
6,762,94,71,68
6,763,95,71,69
6,764,96,71,69
6,765,97,72,71
6,766,98,72,74
6,767,99,72,74
6,768,100,73,75
6,769,101,73,75
6,770,102,73,74
6,771,103,73,71
6,772,104,73,69
6,773,105,73,69
6,774,106,73,70
6,775,107,73,72
6,776,108,72,71
6,777,109,72,70
6,778,110,72,71
6,779,111,72,73
6,780,112,72,74
6,781,113,71,73
6,782,114,71,71
6,783,115,71,72
6,784,116,71,70
6,785,117,71,71
6,786,118,71,74
6,787,119,71,75
6,788,120,71,76
6,789,121,71,75
6,790,122,72,73
6,791,123,72,72
6,792,124,72,72
6,793,125,72,76
6,794,126,72,76
6,795,127,72,75
6,796,128,72,75
6,797,129,72,75
6,798,130,73,75
6,799,131,73,73
6,800,132,73,73
6,801,133,73,74
6,802,134,74,74
6,803,135,74,71
6,804,136,74,70
6,805,137,74,69
6,806,138,74,69
6,807,139,74,71
6,808,140,74,72
6,809,141,75,74
6,810,142,75,74
6,811,143,75,75
6,812,144,75,76
6,813,145,75,74
6,814,146,75,73
6,815,147,75,71
6,816,148,75,72
6,817,149,74,71
6,818,150,74,71
6,819,151,74,70
6,820,152,74,72
6,821,153,74,70
6,822,154,74,72
6,823,155,74,74
6,824,156,73,69
6,825,157,73,70
6,826,158,73,68
6,827,159,73,70
6,828,160,74,70
6,829,161,74,72
6,830,162,75,72
6,831,163,76,74
6,832,164,76,73
6,833,165,76,74
6,834,166,76,72
6,835,167,76,73
6,836,168,76,74
6,837,169,76,74
6,838,170,75,72
6,839,171,74,70
6,840,172,73,71
6,841,173,73,70
6,842,174,73,70
6,843,175,73,71
6,844,176,73,70
6,845,177,72,71
6,846,178,72,71
6,847,179,72,72
6,848,180,71,73
6,849,181,71,74
6,850,182,72,73
6,851,183,73,72
6,852,184,73,71
6,853,185,73,71
6,854,186,73,70
6,855,187,73,69
6,856,188,73,68
6,857,189,72,69
6,858,190,72,70
6,859,191,72,72
6,860,192,72,73
6,861,193,71,71
6,862,194,71,70
6,863,195,71,70
6,864,196,71,70
6,865,197,71,70
7,866,1,64,66
7,867,2,65,68
7,868,3,65,67
7,869,4,65,70
7,870,5,65,69
7,871,6,64,68
7,872,7,64,67
7,873,8,64,70
7,874,9,65,67
7,875,10,65,67
7,876,11,65,67
7,877,12,65,68
7,878,13,65,67
7,879,14,65,66
7,880,15,65,66
7,881,16,65,66
7,882,17,65,66
7,883,18,66,67
7,884,19,66,68
7,885,20,66,68
7,886,21,66,66
7,887,22,67,67
7,888,23,67,67
7,889,24,67,64
7,890,25,67,65
7,891,26,67,66
7,892,27,67,67
7,893,28,67,66
7,894,29,67,65
7,895,30,66,64
7,896,31,66,68
7,897,32,66,68
7,898,33,66,68
7,899,34,65,68
7,900,35,65,68
7,901,36,65,68
7,902,37,64,65
7,903,38,64,63
7,904,39,64,64
7,905,40,63,66
7,906,41,63,68
7,907,42,63,67
7,908,43,63,66
7,909,44,63,64
7,910,45,63,63
7,911,46,63,65
7,912,47,63,66
7,913,48,63,66
7,914,49,63,66
7,915,50,63,65
7,916,51,63,66
7,917,52,63,66
7,918,53,63,65
7,919,54,64,68
7,920,55,64,69
7,921,56,64,68
7,922,57,65,66
7,923,58,65,66
7,924,59,65,65
7,925,60,66,64
7,926,61,66,63
7,927,62,66,64
7,928,63,66,63
7,929,64,66,62
7,930,65,66,61
7,931,66,66,62
7,932,67,66,63
7,933,68,66,67
7,934,69,66,68
7,935,70,65,66
7,936,71,65,67
7,937,72,65,68
7,938,73,65,66
7,939,74,65,64
7,940,75,64,64
7,941,76,64,63
7,942,77,64,62
7,943,78,64,63
7,944,79,64,65
7,945,80,64,65
7,946,81,64,63
7,947,82,63,65
7,948,83,63,68
7,949,84,63,67
7,950,85,63,65
7,951,86,63,64
7,952,87,63,63
7,953,88,64,65
7,954,89,63,66
7,955,90,63,68
7,956,91,63,69
7,957,92,63,66
7,958,93,63,65
7,959,94,64,66
7,960,95,64,65
7,961,96,64,65
7,962,97,64,66
7,963,98,65,65
7,964,99,65,66
7,965,100,65,67
7,966,101,65,67
7,967,102,65,68
7,968,103,65,70
7,969,104,65,68
7,970,105,66,67
7,971,106,66,67
7,972,107,66,68
7,973,108,66,70
7,974,109,67,68
7,975,110,67,68
7,976,111,67,69
7,977,112,68,69
7,978,113,68,68
7,979,114,68,67
7,980,115,68,69
7,981,116,68,70
7,982,117,68,71
7,983,118,68,72
7,984,119,68,73
7,985,120,68,71
7,986,121,68,67
7,987,122,68,66
7,988,123,68,66
7,989,124,68,71
7,990,125,68,71
7,991,126,68,71
7,992,127,68,69
7,993,128,68,68
7,994,129,68,69
7,995,130,68,70
7,996,131,68,72
7,997,132,69,70
7,998,133,69,71
7,999,134,69,70
7,1000,135,69,68
7,1001,136,69,68
7,1002,137,69,66
7,1003,138,69,63
7,1004,139,69,66
7,1005,140,70,72
7,1006,141,70,72
7,1007,142,70,72
7,1008,143,70,70
7,1009,144,70,69
7,1010,145,70,67
7,1011,146,70,67
7,1012,147,70,68
7,1013,148,70,68
7,1014,149,70,68
7,1015,150,70,69
7,1016,151,70,72
7,1017,152,70,76
7,1018,153,69,71
7,1019,154,69,72
7,1020,155,69,72
7,1021,156,69,67
7,1022,157,69,67
7,1023,158,69,72
7,1024,159,69,74
7,1025,160,69,72
7,1026,161,69,71
7,1027,162,69,71
7,1028,163,68,70
7,1029,164,68,70
7,1030,165,68,70
7,1031,166,68,72
7,1032,167,68,73
7,1033,168,68,71
7,1034,169,68,71
7,1035,170,68,70
7,1036,171,68,70
7,1037,172,68,70
7,1038,173,68,71
7,1039,174,68,72
7,1040,175,68,69
7,1041,176,69,66
7,1042,177,69,66
7,1043,178,70,66
7,1044,179,70,68
7,1045,180,70,70
7,1046,181,70,70
7,1047,182,70,69
7,1048,183,70,69
7,1049,184,69,70
7,1050,185,69,69
8,1051,1,69,66
8,1052,2,70,67
8,1053,3,69,66
8,1054,4,70,68
8,1055,5,71,70
8,1056,6,72,70
8,1057,7,72,69
8,1058,8,72,68
8,1059,9,72,67
8,1060,10,71,68
8,1061,11,71,69
8,1062,12,71,69
8,1063,13,71,69
8,1064,14,71,70
8,1065,15,72,72
8,1066,16,73,74
8,1067,17,74,73
8,1068,18,74,71
8,1069,19,75,72
8,1070,20,75,73
8,1071,21,75,72
8,1072,22,75,73
8,1073,23,75,74
8,1074,24,75,77
8,1075,25,75,79
8,1076,26,75,76
8,1077,27,76,73
8,1078,28,76,74
8,1079,29,77,73
8,1080,30,78,73
8,1081,31,78,74
8,1082,32,80,77
8,1083,33,81,77
8,1084,34,82,79
8,1085,35,83,80
8,1086,36,83,81
8,1087,37,83,80
8,1088,38,83,80
8,1089,39,84,81
8,1090,40,85,81
8,1091,41,85,82
8,1092,42,85,83
8,1093,43,84,85
8,1094,44,84,86
8,1095,45,83,86
8,1096,46,82,87
8,1097,47,82,85
8,1098,48,83,83
8,1099,49,83,79
8,1100,50,84,83
8,1101,51,84,86
8,1102,52,83,85
8,1103,53,82,83
8,1104,54,81,78
8,1105,55,80,81
8,1106,56,80,80
8,1107,57,81,76
8,1108,58,81,77
8,1109,59,81,79
8,1110,60,80,81
8,1111,61,80,78
8,1112,62,79,79
8,1113,63,79,76
8,1114,64,80,79
8,1115,65,81,80
8,1116,66,82,80
8,1117,67,83,80
8,1118,68,83,80
8,1119,69,83,80
8,1120,70,83,80
8,1121,71,83,80
8,1122,72,84,81
8,1123,73,85,82
8,1124,74,86,84
8,1125,75,87,85
8,1126,76,87,84
8,1127,77,87,83
8,1128,78,87,84
8,1129,79,88,85
8,1130,80,88,85
8,1131,81,89,86
8,1132,82,90,86
8,1133,83,90,88
8,1134,84,90,87
8,1135,85,89,87
8,1136,86,89,87
8,1137,87,88,87
8,1138,88,88,88
8,1139,89,88,86
8,1140,90,88,85
8,1141,91,87,83
8,1142,92,86,85
8,1143,93,86,85
8,1144,94,85,83
8,1145,95,85,82
8,1146,96,85,82
8,1147,97,85,82
8,1148,98,85,84
8,1149,99,85,82
8,1150,100,85,82
8,1151,101,84,83
8,1152,102,84,81
8,1153,103,84,80
8,1154,104,85,82
8,1155,105,85,82
8,1156,106,85,82
8,1157,107,85,82
8,1158,108,85,82
8,1159,109,85,83
8,1160,110,85,85
8,1161,111,84,85
8,1162,112,85,86
8,1163,113,85,87
8,1164,114,86,87
8,1165,115,86,87
8,1166,116,86,85
8,1167,117,86,83
8,1168,118,86,81
8,1169,119,85,83
8,1170,120,85,84
8,1171,121,84,83
8,1172,122,85,82
8,1173,123,85,81
8,1174,124,85,86
8,1175,125,85,83
8,1176,126,85,81
8,1177,127,84,82
8,1178,128,83,80
8,1179,129,83,81
8,1180,130,83,80
8,1181,131,84,80
8,1182,132,84,81
8,1183,133,85,82
8,1184,134,86,83
8,1185,135,86,83
8,1186,136,86,84
8,1187,137,86,85
8,1188,138,85,85
8,1189,139,84,85
8,1190,140,84,85
8,1191,141,85,85
8,1192,142,85,84
8,1193,143,86,84
8,1194,144,86,85
8,1195,145,86,85
8,1196,146,86,84
8,1197,147,86,84
8,1198,148,85,84
8,1199,149,84,83
8,1200,150,85,83
8,1201,151,86,83
8,1202,152,87,83
8,1203,153,87,83
8,1204,154,87,84
8,1205,155,86,85
8,1206,156,85,84
8,1207,157,84,82
8,1208,158,84,82
8,1209,159,85,83
8,1210,160,85,83
8,1211,161,86,83
8,1212,162,86,83
8,1213,163,85,88
8,1214,164,83,85
8,1215,165,82,83
8,1216,166,81,78
8,1217,167,81,78
8,1218,168,81,78
8,1219,169,81,78
8,1220,170,81,79
8,1221,171,80,78
8,1222,172,79,81
8,1223,173,79,77
8,1224,174,79,76
8,1225,175,79,79
8,1226,176,80,78
8,1227,177,81,79
8,1228,178,82,80
8,1229,179,82,79
8,1230,180,82,80
8,1231,181,81,79
8,1232,182,82,79
8,1233,183,83,80
8,1234,184,84,82
8,1235,185,85,83
8,1236,186,85,83
8,1237,187,85,83
8,1238,188,85,84
8,1239,189,86,85
8,1240,190,86,86
8,1241,191,87,87
8,1242,192,87,85
8,1243,193,88,84
8,1244,194,89,86
8,1245,195,89,87
8,1246,196,89,87
8,1247,197,89,87
8,1248,198,88,87
8,1249,199,88,84
8,1250,200,87,85
8,1251,201,86,85
8,1252,202,86,85
8,1253,203,86,84
8,1254,204,86,84
8,1255,205,86,83
8,1256,206,86,84
8,1257,207,86,84
8,1258,208,86,83
8,1259,209,85,85
8,1260,210,85,85
8,1261,211,84,85
8,1262,212,84,83
8,1263,213,84,84
8,1264,214,83,84
8,1265,215,83,83
8,1266,216,83,81
8,1267,217,82,79
8,1268,218,82,79
8,1269,219,81,74
8,1270,220,81,77
8,1271,221,83,80
8,1272,222,84,82
8,1273,223,86,84
8,1274,224,86,84
8,1275,225,87,84
8,1276,226,87,84
9,1277,1,72,70
9,1278,2,73,73
9,1279,3,73,73
9,1280,4,73,72
9,1281,5,72,71
9,1282,6,72,69
9,1283,7,71,68
9,1284,8,71,69
9,1285,9,70,70
9,1286,10,70,71
9,1287,11,69,71
9,1288,12,70,70
9,1289,13,71,71
9,1290,14,71,75
9,1291,15,71,76
9,1292,16,70,76
9,1293,17,70,75
9,1294,18,71,74
9,1295,19,71,76
9,1296,20,72,76
9,1297,21,72,77
9,1298,22,72,77
9,1299,23,72,75
9,1300,24,73,75
9,1301,25,73,76
9,1302,26,73,77
9,1303,27,74,76
9,1304,28,75,75
9,1305,29,75,74
9,1306,30,75,73
9,1307,31,75,73
9,1308,32,76,72
9,1309,33,77,72
9,1310,34,77,74
9,1311,35,77,74
9,1312,36,77,75
9,1313,37,77,75
9,1314,38,78,75
9,1315,39,78,75
9,1316,40,78,75
9,1317,41,79,76
9,1318,42,79,75
9,1319,43,79,74
9,1320,44,79,77
9,1321,45,78,75
9,1322,46,78,76
9,1323,47,78,75
9,1324,48,78,76
9,1325,49,78,75
9,1326,50,78,75
9,1327,51,78,77
9,1328,52,78,77
9,1329,53,78,76
9,1330,54,77,74
9,1331,55,77,74
9,1332,56,77,76
9,1333,57,78,81
9,1334,58,78,83
9,1335,59,78,84
9,1336,60,78,82
9,1337,61,78,81
9,1338,62,79,81
9,1339,63,79,81
9,1340,64,79,82
9,1341,65,79,80
9,1342,66,79,78
9,1343,67,79,75
9,1344,68,78,75
9,1345,69,78,74
9,1346,70,78,75
9,1347,71,78,76
9,1348,72,78,75
9,1349,73,78,75
9,1350,74,78,75
9,1351,75,77,73
9,1352,76,76,73
9,1353,77,76,73
9,1354,78,75,73
9,1355,79,75,73
9,1356,80,75,73
9,1357,81,75,73
9,1358,82,75,73
9,1359,83,75,73
9,1360,84,75,76
9,1361,85,75,78
9,1362,86,76,71
9,1363,87,76,71
9,1364,88,76,80
9,1365,89,77,78
9,1366,90,77,79
9,1367,91,77,80
9,1368,92,77,81
9,1369,93,78,75
9,1370,94,78,75
9,1371,95,78,76
9,1372,96,78,76
9,1373,97,78,74
9,1374,98,78,73
9,1375,99,79,73
9,1376,100,79,75
9,1377,101,79,78
9,1378,102,80,80
9,1379,103,80,79
9,1380,104,81,79
9,1381,105,81,79
9,1382,106,81,78
9,1383,107,81,79
9,1384,108,81,79
9,1385,109,81,78
9,1386,110,81,78
9,1387,111,81,76
9,1388,112,81,79
9,1389,113,81,79
9,1390,114,80,79
9,1391,115,80,78
9,1392,116,80,78
9,1393,117,79,77
9,1394,118,79,77
9,1395,119,78,75
9,1396,120,78,75
9,1397,121,78,76
9,1398,122,78,75
9,1399,123,77,74
9,1400,124,77,75
9,1401,125,76,75
9,1402,126,76,79
9,1403,127,76,80
9,1404,128,75,82
9,1405,129,75,82
9,1406,130,75,77
9,1407,131,76,73
9,1408,132,76,73
9,1409,133,76,73
9,1410,134,76,74
9,1411,135,76,75
9,1412,136,76,74
9,1413,137,76,74
9,1414,138,76,74
9,1415,139,77,73
9,1416,140,77,74
9,1417,141,77,75
9,1418,142,78,75
9,1419,143,79,77
9,1420,144,79,76
9,1421,145,79,75
9,1422,146,79,77
9,1423,147,79,77
9,1424,148,79,77
9,1425,149,79,77
9,1426,150,79,77
9,1427,151,79,77
9,1428,152,79,78
9,1429,153,79,78
9,1430,154,78,75
9,1431,155,78,76
9,1432,156,77,78
9,1433,157,77,79
9,1434,158,77,79
9,1435,159,76,75
9,1436,160,76,74
9,1437,161,76,75
9,1438,162,76,78
9,1439,163,76,78
9,1440,164,75,80
9,1441,165,75,81
9,1442,166,75,81
9,1443,167,74,79
9,1444,168,74,74
9,1445,169,75,71
9,1446,170,75,70
9,1447,171,75,71
9,1448,172,75,75
9,1449,173,75,78
9,1450,174,75,80
9,1451,175,75,81
9,1452,176,75,79
9,1453,177,75,78
9,1454,178,75,74
9,1455,179,75,73
9,1456,180,75,72
9,1457,181,75,72
9,1458,182,75,70
9,1459,183,75,71
9,1460,184,75,75
9,1461,185,75,80
9,1462,186,75,75
9,1463,187,75,71
9,1464,188,75,70
9,1465,189,75,72
9,1466,190,75,74
9,1467,191,75,74
9,1468,192,75,74
9,1469,193,75,73
9,1470,194,76,72
9,1471,195,76,74
9,1472,196,76,78
9,1473,197,75,80
9,1474,198,75,79
9,1475,199,75,80
9,1476,200,75,79
9,1477,201,75,78
9,1478,202,75,76
9,1479,203,75,77
9,1480,204,75,78
9,1481,205,75,76
9,1482,206,75,75
9,1483,207,75,74
9,1484,208,75,73
9,1485,209,75,72
9,1486,210,76,71
9,1487,211,76,72
9,1488,212,77,74
9,1489,213,77,75
9,1490,214,77,74
9,1491,215,78,75
9,1492,216,78,75
9,1493,217,78,75
9,1494,218,77,74
9,1495,219,77,75
9,1496,220,77,75
9,1497,221,77,75
9,1498,222,77,75
9,1499,223,77,76
9,1500,224,77,75
9,1501,225,77,74
9,1502,226,76,72
9,1503,227,76,71
9,1504,228,76,73
9,1505,229,75,73
9,1506,230,75,74
9,1507,231,75,78
9,1508,232,76,73
9,1509,233,76,71
9,1510,234,76,74
9,1511,235,76,74
9,1512,236,77,74
9,1513,237,77,74
9,1514,238,77,74
9,1515,239,77,74
9,1516,240,76,75
9,1517,241,76,75
9,1518,242,76,75
9,1519,243,77,75
9,1520,244,77,74
9,1521,245,77,74
9,1522,246,76,73
9,1523,247,76,72
9,1524,248,76,75
9,1525,249,76,73
9,1526,250,76,72
9,1527,251,76,73
9,1528,252,77,74
9,1529,253,78,75
9,1530,254,79,75
9,1531,255,80,80
9,1532,256,80,80
9,1533,257,80,80
9,1534,258,80,78
9,1535,259,80,77
9,1536,260,80,77
9,1537,261,80,78
9,1538,262,80,76
9,1539,263,79,74
9,1540,264,79,75
9,1541,265,78,76
9,1542,266,78,75
9,1543,267,77,76
9,1544,268,76,75
9,1545,269,75,74
9,1546,270,75,73
9,1547,271,74,73
9,1548,272,74,73
9,1549,273,74,72
9,1550,274,74,74
9,1551,275,74,74
9,1552,276,75,73
9,1553,277,75,73
9,1554,278,75,72
9,1555,279,75,71
9,1556,280,75,69
9,1557,281,75,72
9,1558,282,75,73
9,1559,283,75,73
9,1560,284,75,74
9,1561,285,75,75
9,1562,286,76,76
9,1563,287,76,74
9,1564,288,76,74
9,1565,289,76,73
9,1566,290,76,73
9,1567,291,76,74
9,1568,292,76,73
9,1569,293,76,73
9,1570,294,77,73
9,1571,295,77,74
9,1572,296,77,74
9,1573,297,78,75
9,1574,298,78,75
9,1575,299,78,75
9,1576,300,77,75
9,1577,301,76,75
9,1578,302,76,75
9,1579,303,76,74
9,1580,304,76,74
9,1581,305,75,76
9,1582,306,75,76
9,1583,307,75,74
9,1584,308,75,73
9,1585,309,75,74
9,1586,310,74,73
9,1587,311,74,71
9,1588,312,74,69
9,1589,313,74,71
9,1590,314,75,72
9,1591,315,76,74
9,1592,316,76,73
9,1593,317,77,74
9,1594,318,78,74
9,1595,319,79,77
9,1596,320,78,77
9,1597,321,78,76
9,1598,322,78,75
9,1599,323,77,74
9,1600,324,77,74
9,1601,325,76,75
9,1602,326,76,75
9,1603,327,75,74
9,1604,328,75,72
9,1605,329,75,73
9,1606,330,74,72
9,1607,331,73,74
9,1608,332,72,73
9,1609,333,72,72
9,1610,334,72,73
9,1611,335,72,74
9,1612,336,72,73
10,1613,1,106,105
10,1614,2,105,105
10,1615,3,105,104
10,1616,4,103,109
10,1617,5,101,101
10,1618,6,100,104
10,1619,7,101,105
10,1620,8,100,105
10,1621,9,97,97
10,1622,10,97,97
10,1623,11,95,97
10,1624,12,95,97
10,1625,13,92,95
10,1626,14,92,95
10,1627,15,89,94
10,1628,16,89,94
10,1629,17,88,93
10,1630,18,88,89
10,1631,19,86,91
10,1632,20,86,90
10,1633,21,86,89
10,1634,22,86,89
10,1635,23,85,89
10,1636,24,85,88
10,1637,25,84,87
10,1638,26,84,81
10,1639,27,85,79
10,1640,28,85,82
10,1641,29,85,83
10,1642,30,85,88
10,1643,31,85,89
10,1644,32,85,89
10,1645,33,85,90
10,1646,34,85,86
10,1647,35,85,84
10,1648,36,85,85
10,1649,37,85,86
10,1650,38,85,87
10,1651,39,85,88
10,1652,40,85,89
11,1653,1,75,79
11,1654,2,75,80
11,1655,3,75,80
11,1656,4,75,73
11,1657,5,75,72
11,1658,6,75,77
11,1659,7,76,76
11,1660,8,76,76
11,1661,9,77,77
11,1662,10,77,79
11,1663,11,78,81
11,1664,12,78,80
11,1665,13,78,80
11,1666,14,78,81
11,1667,15,80,82
11,1668,16,80,83
11,1669,17,82,82
11,1670,18,82,81
11,1671,19,82,83
11,1672,20,83,83
11,1673,21,83,84
11,1674,22,85,86
11,1675,23,87,84
11,1676,24,87,83
11,1677,25,87,82
11,1678,26,87,83
11,1679,27,87,84
11,1680,28,87,85
11,1681,29,87,86
11,1682,30,87,86
11,1683,31,87,85
11,1684,32,87,87
11,1685,33,87,92
11,1686,34,87,91
11,1687,35,87,86
11,1688,36,87,84
11,1689,37,87,84
11,1690,38,87,84
11,1691,39,87,85
11,1692,40,87,85
12,1693,1,111,109
12,1694,2,111,110
12,1695,3,111,111
12,1696,4,111,111
12,1697,5,111,112
12,1698,6,111,113
12,1699,7,111,115
12,1700,8,111,112
12,1701,9,110,111
12,1702,10,110,112
12,1703,11,110,111
12,1704,12,109,109
12,1705,13,109,109
12,1706,14,109,105
12,1707,15,109,106
12,1708,16,109,108
12,1709,17,111,113
12,1710,18,111,116
12,1711,19,111,113
12,1712,20,112,112
12,1713,21,114,112
12,1714,22,114,111
12,1715,23,115,113
12,1716,24,115,113
12,1717,25,115,116
12,1718,26,117,119
12,1719,27,119,118
12,1720,28,119,118
12,1721,29,119,117
12,1722,30,119,121
12,1723,31,119,119
12,1724,32,120,119
12,1725,33,120,120
12,1726,34,120,122
12,1727,35,120,120
12,1728,36,120,120
12,1729,37,120,121
12,1730,38,120,121
12,1731,39,120,125
12,1732,40,120,123
13,1733,1,108,110
13,1734,2,108,110
13,1735,3,108,114
13,1736,4,108,114
13,1737,5,108,112
13,1738,6,108,110
13,1739,7,108,107
13,1740,8,108,105
13,1741,9,108,108
13,1742,10,108,106
13,1743,11,108,107
13,1744,12,108,107
13,1745,13,108,109
13,1746,14,108,105
13,1747,15,108,110
13,1748,16,108,109
13,1749,17,108,110
13,1750,18,107,106
13,1751,19,107,105
13,1752,20,106,105
13,1753,21,106,107
13,1754,22,104,104
13,1755,23,104,103
13,1756,24,101,100
13,1757,25,101,98
13,1758,26,99,100
13,1759,27,99,99
13,1760,28,98,96
13,1761,29,98,100
13,1762,30,96,96
13,1763,31,96,98
13,1764,32,96,96
13,1765,33,96,95
13,1766,34,96,96
13,1767,35,96,94
13,1768,36,96,97
13,1769,37,96,94
13,1770,38,97,98
13,1771,39,97,98
13,1772,40,98,98
14,1773,1,84,85
14,1774,2,84,85
14,1775,3,84,86
14,1776,4,85,86
14,1777,5,86,87
14,1778,6,87,88
14,1779,7,88,89
14,1780,8,89,91
14,1781,9,90,89
14,1782,10,91,89
14,1783,11,92,89
14,1784,12,93,90
14,1785,13,94,90
14,1786,14,94,89
14,1787,15,94,91
14,1788,16,94,92
14,1789,17,94,92
14,1790,18,94,93
14,1791,19,93,93
14,1792,20,92,93
14,1793,21,91,92
14,1794,22,91,92
14,1795,23,90,90
14,1796,24,91,91
14,1797,25,91,91
14,1798,26,91,91
14,1799,27,91,91
14,1800,28,91,92
14,1801,29,90,92
14,1802,30,89,91
14,1803,31,88,90
14,1804,32,88,91
14,1805,33,87,90
14,1806,34,86,89
14,1807,35,85,88
14,1808,36,83,85
14,1809,37,83,86
14,1810,38,82,84
14,1811,39,81,84
14,1812,40,79,85
14,1813,41,79,83
14,1814,42,78,81
14,1815,43,78,78
14,1816,44,78,78
14,1817,45,78,79
14,1818,46,78,79
14,1819,47,77,81
14,1820,48,76,78
14,1821,49,76,77
14,1822,50,75,77
14,1823,51,75,77
14,1824,52,75,75
14,1825,53,75,75
14,1826,54,75,76
14,1827,55,75,76
14,1828,56,75,75
14,1829,57,74,75
14,1830,58,72,75
14,1831,59,72,75
14,1832,60,72,74
14,1833,61,72,74
14,1834,62,72,73
14,1835,63,72,72
14,1836,64,72,72
14,1837,65,72,72
14,1838,66,72,72
14,1839,67,72,72
14,1840,68,72,72
14,1841,69,72,72
14,1842,70,72,72
14,1843,71,72,71
14,1844,72,72,71
14,1845,73,72,71
14,1846,74,73,72
14,1847,75,74,72
14,1848,76,74,73
14,1849,77,74,73
14,1850,78,74,74
14,1851,79,75,74
14,1852,80,75,75
14,1853,81,76,75
14,1854,82,77,77
14,1855,83,77,77
14,1856,84,77,78
14,1857,85,78,76
14,1858,86,78,77
14,1859,87,78,75
14,1860,88,79,74
14,1861,89,79,73
14,1862,90,79,75
14,1863,91,79,77
14,1864,92,78,80
14,1865,93,78,79
14,1866,94,77,78
14,1867,95,77,78
14,1868,96,77,79
14,1869,97,76,79
14,1870,98,76,78
14,1871,99,76,78
14,1872,100,76,77
14,1873,101,76,77
14,1874,102,76,76
14,1875,103,76,77
14,1876,104,76,75
14,1877,105,76,76
14,1878,106,77,77
14,1879,107,77,78
14,1880,108,77,78
14,1881,109,78,79
14,1882,110,79,80
14,1883,111,79,80
14,1884,112,80,81
14,1885,113,80,82
14,1886,114,81,81
15,1887,1,58,57
15,1888,2,58,58
15,1889,3,58,58
15,1890,4,58,58
15,1891,5,57,59
15,1892,6,57,59
15,1893,7,57,58
15,1894,8,57,58
15,1895,9,58,58
15,1896,10,58,58
15,1897,11,58,58
15,1898,12,58,58
15,1899,13,58,57
15,1900,14,58,57
15,1901,15,58,58
15,1902,16,58,58
15,1903,17,58,58
15,1904,18,58,57
15,1905,19,58,57
15,1906,20,58,58
15,1907,21,60,58
15,1908,22,60,57
15,1909,23,60,57
15,1910,24,60,56
15,1911,25,60,55
15,1912,26,60,57
15,1913,27,60,58
15,1914,28,60,59
15,1915,29,60,59
15,1916,30,60,61
15,1917,31,60,61
15,1918,32,60,62
15,1919,33,60,61
15,1920,34,60,61
15,1921,35,59,61
15,1922,36,59,60
15,1923,37,59,59
15,1924,38,58,59
15,1925,39,58,58
15,1926,40,59,58
15,1927,41,59,59
15,1928,42,59,62
15,1929,43,59,62
15,1930,44,59,62
15,1931,45,60,62
15,1932,46,59,61
15,1933,47,59,61
15,1934,48,59,61
15,1935,49,59,62
15,1936,50,59,61
15,1937,51,59,61
15,1938,52,59,62
15,1939,53,59,61
15,1940,54,60,60
15,1941,55,61,60
15,1942,56,61,60
15,1943,57,61,62
15,1944,58,61,62
15,1945,59,61,62
15,1946,60,61,62
15,1947,61,61,63
15,1948,62,61,65
15,1949,63,61,62
15,1950,64,62,62
15,1951,65,62,62
15,1952,66,62,61
15,1953,67,62,62
15,1954,68,63,61
15,1955,69,63,62
15,1956,70,63,63
15,1957,71,64,64
15,1958,72,64,63
15,1959,73,64,64
15,1960,74,64,64
15,1961,75,63,65
15,1962,76,63,65
15,1963,77,64,66
15,1964,78,64,67
15,1965,79,64,67
15,1966,80,65,68
15,1967,81,65,69
15,1968,82,64,67
15,1969,83,64,66
15,1970,84,64,65
15,1971,85,63,65
15,1972,86,63,65
15,1973,87,63,64
15,1974,88,63,64
15,1975,89,64,63
15,1976,90,65,65
15,1977,91,65,65
15,1978,92,65,65
15,1979,93,65,65
15,1980,94,65,65
15,1981,95,66,65
15,1982,96,66,66
15,1983,97,66,68
15,1984,98,65,68
15,1985,99,65,68
15,1986,100,65,68
15,1987,101,65,68
15,1988,102,64,69
15,1989,103,64,70
15,1990,104,64,68
15,1991,105,63,66
15,1992,106,63,65
15,1993,107,62,64
15,1994,108,61,63
15,1995,109,61,63
15,1996,110,60,62
15,1997,111,60,61
15,1998,112,60,61
15,1999,113,59,60
15,2000,114,59,60
15,2001,115,59,59
15,2002,116,60,59
15,2003,117,60,60
15,2004,118,60,60
15,2005,119,60,60
15,2006,120,60,60
15,2007,121,60,61
15,2008,122,60,61
15,2009,123,61,61
15,2010,124,61,62
15,2011,125,61,62
15,2012,126,61,61
15,2013,127,61,61
15,2014,128,62,61
15,2015,129,62,62
15,2016,130,62,62
15,2017,131,63,62
15,2018,132,63,62
15,2019,133,62,63
15,2020,134,62,63
15,2021,135,62,62
15,2022,136,62,62
15,2023,137,62,62
15,2024,138,62,62
15,2025,139,62,61
15,2026,140,62,61
15,2027,141,62,61
15,2028,142,62,61
15,2029,143,62,61
15,2030,144,62,61
15,2031,145,62,62
15,2032,146,61,64
15,2033,147,61,66
15,2034,148,61,65
15,2035,149,61,63
15,2036,150,61,62
15,2037,151,61,61
15,2038,152,61,61
15,2039,153,61,61
15,2040,154,61,61
15,2041,155,61,62
15,2042,156,62,62
15,2043,157,62,62
15,2044,158,62,62
15,2045,159,62,62
15,2046,160,62,62
15,2047,161,62,62
15,2048,162,62,62
15,2049,163,62,62
15,2050,164,63,62
15,2051,165,63,62
15,2052,166,63,63
15,2053,167,64,63
15,2054,168,64,63
15,2055,169,63,63
15,2056,170,63,63
15,2057,171,62,63
15,2058,172,62,63
15,2059,173,62,62
15,2060,174,62,62
15,2061,175,62,62
15,2062,176,62,61
15,2063,177,62,61
15,2064,178,62,61
15,2065,179,62,61
15,2066,180,62,61
15,2067,181,62,61
15,2068,182,62,60
15,2069,183,62,60
15,2070,184,62,60
15,2071,185,62,60
15,2072,186,62,60
15,2073,187,62,59
15,2074,188,62,59
15,2075,189,62,61
15,2076,190,62,63
15,2077,191,62,64
15,2078,192,61,64
15,2079,193,61,63
15,2080,194,60,62
15,2081,195,60,62
15,2082,196,59,63
15,2083,197,59,64
15,2084,198,59,62
15,2085,199,58,61
15,2086,200,58,61
15,2087,201,58,60
15,2088,202,58,60
15,2089,203,58,59
15,2090,204,58,59
15,2091,205,58,58
15,2092,206,57,58
15,2093,207,57,57
15,2094,208,57,57
15,2095,209,57,57
15,2096,210,58,58
15,2097,211,58,58
15,2098,212,58,58
15,2099,213,58,58
15,2100,214,59,58
15,2101,215,59,58
15,2102,216,59,59
16,2103,1,70,69
16,2104,2,70,68
16,2105,3,69,69
16,2106,4,69,69
16,2107,5,69,69
16,2108,6,68,69
16,2109,7,69,69
16,2110,8,70,69
16,2111,9,70,69
16,2112,10,71,70
16,2113,11,71,70
16,2114,12,71,71
16,2115,13,71,71
16,2116,14,71,71
16,2117,15,72,71
16,2118,16,72,71
16,2119,17,73,71
16,2120,18,73,71
16,2121,19,73,71
16,2122,20,73,72
16,2123,21,73,72
16,2124,22,73,72
16,2125,23,72,73
16,2126,24,72,73
16,2127,25,72,73
16,2128,26,72,73
16,2129,27,72,72
16,2130,28,72,72
16,2131,29,73,72
16,2132,30,73,72
16,2133,31,74,73
16,2134,32,74,72
16,2135,33,74,71
16,2136,34,74,70
16,2137,35,74,69
16,2138,36,74,68
16,2139,37,74,70
16,2140,38,74,71
16,2141,39,75,72
16,2142,40,74,72
16,2143,41,74,72
16,2144,42,74,73
16,2145,43,73,73
16,2146,44,73,74
16,2147,45,73,73
16,2148,46,74,73
16,2149,47,74,74
16,2150,48,74,74
16,2151,49,74,74
16,2152,50,74,73
16,2153,51,74,72
16,2154,52,73,72
16,2155,53,73,73
16,2156,54,73,74
16,2157,55,72,74
16,2158,56,72,74
16,2159,57,72,74
16,2160,58,71,74
16,2161,59,71,74
16,2162,60,70,73
16,2163,61,70,72
16,2164,62,70,72
16,2165,63,70,72
16,2166,64,70,71
16,2167,65,71,71
16,2168,66,71,71
16,2169,67,72,71
16,2170,68,72,73
16,2171,69,72,73
16,2172,70,73,73
16,2173,71,73,73
16,2174,72,73,73
16,2175,73,73,72
16,2176,74,73,72
16,2177,75,73,72
16,2178,76,73,72
16,2179,77,74,72
16,2180,78,74,71
16,2181,79,75,72
16,2182,80,75,72
16,2183,81,75,73
16,2184,82,75,73
16,2185,83,76,72
16,2186,84,76,71
16,2187,85,77,71
16,2188,86,77,73
16,2189,87,77,73
16,2190,88,77,74
16,2191,89,77,75
16,2192,90,77,75
16,2193,91,77,76
16,2194,92,77,76
16,2195,93,76,77
16,2196,94,76,77
16,2197,95,76,77
16,2198,96,76,77
16,2199,97,76,77
16,2200,98,76,75
16,2201,99,77,75
16,2202,100,78,76
16,2203,101,79,77
16,2204,102,80,78
16,2205,103,81,78
16,2206,104,82,77
16,2207,105,83,78
16,2208,106,84,80
16,2209,107,84,81
16,2210,108,84,82
16,2211,109,84,82
16,2212,110,84,83
16,2213,111,83,83
16,2214,112,82,84
16,2215,113,81,83
16,2216,114,80,82
16,2217,115,79,81
16,2218,116,78,81
16,2219,117,78,80
16,2220,118,78,79
16,2221,119,77,78
16,2222,120,74,76
16,2223,121,73,75
16,2224,122,73,74
16,2225,123,72,74
16,2226,124,72,72
16,2227,125,71,70
16,2228,126,71,70
16,2229,127,71,70
16,2230,128,71,71
16,2231,129,71,71
16,2232,130,70,71
16,2233,131,70,72
16,2234,132,70,72
16,2235,133,71,73
16,2236,134,72,73
16,2237,135,72,73
16,2238,136,72,73
16,2239,137,73,73
16,2240,138,73,73
16,2241,139,73,73
16,2242,140,73,73
16,2243,141,74,73
16,2244,142,74,73
16,2245,143,74,73
16,2246,144,75,72
16,2247,145,75,72
16,2248,146,75,73
16,2249,147,75,73
16,2250,148,76,74
16,2251,149,76,74
16,2252,150,76,73
16,2253,151,76,72
16,2254,152,76,72
16,2255,153,77,72
16,2256,154,77,73
16,2257,155,77,73
16,2258,156,78,75
16,2259,157,78,75
16,2260,158,78,76
16,2261,159,79,76
16,2262,160,80,77
16,2263,161,80,76
16,2264,162,81,77
16,2265,163,82,78
16,2266,164,82,80
16,2267,165,82,80
16,2268,166,82,81
16,2269,167,81,82
16,2270,168,81,82
16,2271,169,80,81
16,2272,170,80,81
16,2273,171,79,81
17,2274,1,61,60
17,2275,2,61,61
17,2276,3,61,61
17,2277,4,61,61
17,2278,5,61,61
17,2279,6,61,61
17,2280,7,61,61
17,2281,8,61,61
17,2282,9,61,61
17,2283,10,61,62
17,2284,11,61,61
17,2285,12,61,61
17,2286,13,61,62
17,2287,14,62,63
17,2288,15,62,62
17,2289,16,62,62
17,2290,17,62,63
17,2291,18,62,63
17,2292,19,62,63
17,2293,20,62,64
17,2294,21,62,65
17,2295,22,62,64
17,2296,23,62,64
17,2297,24,62,65
17,2298,25,62,64
17,2299,26,62,64
17,2300,27,62,63
17,2301,28,62,63
17,2302,29,62,62
17,2303,30,62,62
17,2304,31,62,63
17,2305,32,61,63
17,2306,33,61,63
17,2307,34,61,63
17,2308,35,61,64
17,2309,36,61,64
17,2310,37,62,64
17,2311,38,62,64
17,2312,39,62,64
17,2313,40,62,64
17,2314,41,62,64
17,2315,42,62,64
17,2316,43,62,64
17,2317,44,62,64
17,2318,45,62,64
17,2319,46,62,64
17,2320,47,63,64
17,2321,48,63,64
17,2322,49,63,63
17,2323,50,63,64
17,2324,51,64,64
17,2325,52,64,64
17,2326,53,64,64
17,2327,54,64,64
17,2328,55,65,65
17,2329,56,65,65
17,2330,57,66,65
17,2331,58,66,65
17,2332,59,67,65
17,2333,60,67,65
17,2334,61,67,65
17,2335,62,68,65
17,2336,63,68,65
17,2337,64,68,65
17,2338,65,67,65
17,2339,66,67,65
17,2340,67,67,65
17,2341,68,67,65
17,2342,69,68,65
17,2343,70,68,66
17,2344,71,68,66
17,2345,72,68,66
17,2346,73,68,66
17,2347,74,67,67
17,2348,75,67,67
17,2349,76,67,67
17,2350,77,67,67
17,2351,78,67,67
17,2352,79,67,66
17,2353,80,67,66
17,2354,81,67,66
17,2355,82,67,67
17,2356,83,67,67
17,2357,84,66,66
17,2358,85,66,66
17,2359,86,66,65
17,2360,87,65,66
17,2361,88,65,66
17,2362,89,65,67
17,2363,90,66,67
17,2364,91,66,68
17,2365,92,66,69
17,2366,93,66,68
17,2367,94,65,68
17,2368,95,65,68
17,2369,96,65,67
17,2370,97,65,66
17,2371,98,65,65
17,2372,99,65,65
17,2373,100,65,64
17,2374,101,65,64
17,2375,102,64,64
17,2376,103,64,64
17,2377,104,64,65
17,2378,105,64,66
17,2379,106,64,65
17,2380,107,64,65
17,2381,108,64,64
17,2382,109,64,65
17,2383,110,64,65
17,2384,111,64,64
17,2385,112,64,64
17,2386,113,64,64
17,2387,114,64,64
17,2388,115,64,65
17,2389,116,64,65
17,2390,117,64,66
17,2391,118,64,67
17,2392,119,64,67
17,2393,120,64,68
17,2394,121,65,68
17,2395,122,65,69
17,2396,123,65,69
17,2397,124,66,68
17,2398,125,67,69
17,2399,126,68,68
17,2400,127,68,68
17,2401,128,68,69
17,2402,129,68,69
17,2403,130,68,68
17,2404,131,68,68
17,2405,132,68,68
17,2406,133,68,68
17,2407,134,68,67
17,2408,135,68,66
17,2409,136,67,66
17,2410,137,67,67
17,2411,138,67,67
17,2412,139,66,68
17,2413,140,66,69
17,2414,141,65,69
17,2415,142,65,68
17,2416,143,65,67
17,2417,144,65,67
17,2418,145,65,66
17,2419,146,65,67
17,2420,147,65,66
17,2421,148,65,65
17,2422,149,65,65
17,2423,150,65,65
17,2424,151,65,66
17,2425,152,65,66
17,2426,153,65,67
17,2427,154,66,67
17,2428,155,66,68
17,2429,156,66,68
17,2430,157,66,68
17,2431,158,66,69
17,2432,159,66,69
17,2433,160,66,70
17,2434,161,66,70
17,2435,162,66,69
17,2436,163,66,69
17,2437,164,66,68
17,2438,165,66,68
17,2439,166,66,68
17,2440,167,65,67
17,2441,168,65,67
17,2442,169,65,67
17,2443,170,65,66
17,2444,171,64,66
17,2445,172,64,66
17,2446,173,64,65
17,2447,174,64,65
17,2448,175,64,65
17,2449,176,64,66
17,2450,177,64,66
17,2451,178,64,66
17,2452,179,64,66
17,2453,180,64,66
17,2454,181,64,67
17,2455,182,64,67
17,2456,183,65,67
17,2457,184,65,67
17,2458,185,65,67
17,2459,186,65,67
17,2460,187,65,67
17,2461,188,65,67
17,2462,189,65,67
17,2463,190,65,68
18,2464,1,73,73
18,2465,2,73,74
18,2466,3,73,75
18,2467,4,73,74
18,2468,5,73,72
18,2469,6,73,72
18,2470,7,73,73
18,2471,8,73,73
18,2472,9,73,73
18,2473,10,73,74
18,2474,11,73,74
18,2475,12,73,74
18,2476,13,73,75
18,2477,14,73,75
18,2478,15,73,75
18,2479,16,73,75
18,2480,17,73,74
18,2481,18,73,75
18,2482,19,74,75
18,2483,20,74,75
18,2484,21,74,74
18,2485,22,75,74
18,2486,23,75,75
18,2487,24,75,75
18,2488,25,75,76
18,2489,26,75,77
18,2490,27,75,77
18,2491,28,75,79
18,2492,29,76,78
18,2493,30,76,77
18,2494,31,76,76
18,2495,32,76,76
18,2496,33,77,77
18,2497,34,77,77
18,2498,35,77,76
18,2499,36,77,77
18,2500,37,77,81
18,2501,38,77,82
18,2502,39,77,80
18,2503,40,77,79
18,2504,41,78,78
18,2505,42,78,76
18,2506,43,78,75
18,2507,44,78,75
18,2508,45,78,75
18,2509,46,77,75
18,2510,47,77,75
18,2511,48,77,76
18,2512,49,77,76
18,2513,50,78,75
18,2514,51,79,76
18,2515,52,80,77
18,2516,53,80,77
18,2517,54,80,76
18,2518,55,79,75
18,2519,56,80,77
18,2520,57,80,78
18,2521,58,80,80
18,2522,59,81,81
18,2523,60,81,82
18,2524,61,81,82
18,2525,62,81,81
18,2526,63,81,81
18,2527,64,81,82
18,2528,65,81,82
18,2529,66,81,83
18,2530,67,82,84
18,2531,68,82,84
18,2532,69,82,83
18,2533,70,82,82
18,2534,71,81,81
18,2535,72,81,80
18,2536,73,80,80
18,2537,74,80,79
18,2538,75,80,77
18,2539,76,80,76
18,2540,77,80,77
18,2541,78,80,76
18,2542,79,79,76
18,2543,80,79,76
18,2544,81,79,77
18,2545,82,79,77
18,2546,83,79,78
18,2547,84,79,79
18,2548,85,79,79
18,2549,86,80,79
18,2550,87,80,80
18,2551,88,80,78
18,2552,89,80,77
18,2553,90,80,75
18,2554,91,80,77
18,2555,92,80,77
18,2556,93,80,78
18,2557,94,80,80
18,2558,95,81,82
18,2559,96,81,81
18,2560,97,81,81
18,2561,98,82,82
18,2562,99,82,80
18,2563,100,81,80
18,2564,101,81,81
18,2565,102,81,78
18,2566,103,81,75
18,2567,104,81,75
18,2568,105,80,77
18,2569,106,80,78
18,2570,107,80,78
18,2571,108,79,77
18,2572,109,79,76
18,2573,110,79,78
18,2574,111,79,80
18,2575,112,78,80
18,2576,113,78,79
18,2577,114,78,79
18,2578,115,78,80
18,2579,116,78,81
18,2580,117,78,81
18,2581,118,79,79
18,2582,119,79,77
18,2583,120,80,77
18,2584,121,80,76
18,2585,122,80,75
18,2586,123,80,76
18,2587,124,80,77
18,2588,125,80,78
18,2589,126,80,79
18,2590,127,80,78
18,2591,128,80,78
18,2592,129,80,77
18,2593,130,79,76
18,2594,131,78,75
18,2595,132,78,75
18,2596,133,77,74
18,2597,134,77,74
18,2598,135,77,75
18,2599,136,76,74
18,2600,137,76,75
18,2601,138,75,77
18,2602,139,75,78
18,2603,140,75,78
18,2604,141,75,76
18,2605,142,76,75
18,2606,143,76,76
18,2607,144,76,78
18,2608,145,76,79
18,2609,146,76,78
18,2610,147,77,77
18,2611,148,78,77
18,2612,149,78,77
18,2613,150,78,76
18,2614,151,79,78
18,2615,152,79,78
18,2616,153,79,77
18,2617,154,79,76
18,2618,155,79,76
18,2619,156,79,76
18,2620,157,79,77
18,2621,158,79,77
18,2622,159,79,78
18,2623,160,79,78
18,2624,161,79,79
18,2625,162,78,79
18,2626,163,78,78
18,2627,164,78,77
18,2628,165,77,77
18,2629,166,77,76
18,2630,167,77,76
18,2631,168,78,77
18,2632,169,78,72
18,2633,170,78,71
18,2634,171,78,72
18,2635,172,77,74
18,2636,173,77,77
18,2637,174,76,77
18,2638,175,76,77
18,2639,176,76,77
18,2640,177,76,76
18,2641,178,77,77
18,2642,179,77,77
18,2643,180,77,75
18,2644,181,77,75
18,2645,182,77,75
18,2646,183,77,76
18,2647,184,76,76
